return_id,reverse_logistics_cost,inspection_cost,recovery_value,source_type,scenario_id,generator_version
RTN-S01-001,64.54,0.0,10.01,synthetic_demo,S01,rg-synth-v1.0.2
RTN-S01-002,92.75,0.0,9.33,synthetic_demo,S01,rg-synth-v1.0.2
RTN-S01-003,69.39,0.0,13.67,synthetic_demo,S01,rg-synth-v1.0.2
RTN-S01-004,54.71,0.0,20.83,synthetic_demo,S01,rg-synth-v1.0.2
RTN-S01-005,114.23,0.0,9.76,synthetic_demo,S01,rg-synth-v1.0.2
RTN-S02-001,61.98,0.0,12.56,synthetic_demo,S02,rg-synth-v1.0.2
RTN-S02-002,94.32,0.0,13.97,synthetic_demo,S02,rg-synth-v1.0.2
RTN-S02-003,110.44,0.0,59.28,synthetic_demo,S02,rg-synth-v1.0.2
RTN-S02-004,104.76,0.0,12.45,synthetic_demo,S02,rg-synth-v1.0.2
RTN-S02-005,64.3,0.0,14.1,synthetic_demo,S02,rg-synth-v1.0.2
RTN-S03-001,109.21,12.5,6.43,synthetic_demo,S03,rg-synth-v1.0.2
RTN-S03-002,87.92,12.5,4.86,synthetic_demo,S03,rg-synth-v1.0.2
RTN-S03-003,64.71,12.5,17.04,synthetic_demo,S03,rg-synth-v1.0.2
RTN-S03-004,41.19,12.5,11.14,synthetic_demo,S03,rg-synth-v1.0.2
RTN-S03-005,94.23,12.5,12.62,synthetic_demo,S03,rg-synth-v1.0.2
RTN-S04-001,90.85,0.0,38.81,synthetic_demo,S04,rg-synth-v1.0.2
RTN-S04-002,89.4,0.0,15.62,synthetic_demo,S04,rg-synth-v1.0.2
RTN-S04-003,67.2,0.0,14.44,synthetic_demo,S04,rg-synth-v1.0.2
RTN-S04-004,106.72,0.0,13.53,synthetic_demo,S04,rg-synth-v1.0.2
RTN-S05-001,77.58,0.0,106.78,synthetic_demo,S05,rg-synth-v1.0.2
RTN-S05-002,97.08,0.0,80.13,synthetic_demo,S05,rg-synth-v1.0.2
RTN-S05-003,75.74,0.0,71.31,synthetic_demo,S05,rg-synth-v1.0.2
RTN-S05-004,36.43,0.0,83.98,synthetic_demo,S05,rg-synth-v1.0.2
RTN-S06-001,110.15,12.5,21.62,synthetic_demo,S06,rg-synth-v1.0.2
RTN-S06-002,106.93,24.0,41.07,synthetic_demo,S06,rg-synth-v1.0.2
RTN-S06-003,103.52,12.5,34.25,synthetic_demo,S06,rg-synth-v1.0.2
RTN-S06-004,57.56,12.5,19.67,synthetic_demo,S06,rg-synth-v1.0.2
RTN-S06-005,116.23,12.5,18.2,synthetic_demo,S06,rg-synth-v1.0.2
RTN-S07-001,35.15,12.5,48.01,synthetic_demo,S07,rg-synth-v1.0.2
RTN-S07-002,111.0,12.5,17.87,synthetic_demo,S07,rg-synth-v1.0.2
RTN-S07-003,47.43,12.5,36.4,synthetic_demo,S07,rg-synth-v1.0.2
RTN-S07-004,56.93,24.0,59.54,synthetic_demo,S07,rg-synth-v1.0.2
RTN-S07-005,101.29,24.0,158.1,synthetic_demo,S07,rg-synth-v1.0.2
RTN-S08-001,54.75,24.0,79.57,synthetic_demo,S08,rg-synth-v1.0.2
RTN-S08-002,47.03,12.5,25.74,synthetic_demo,S08,rg-synth-v1.0.2
RTN-S08-003,38.4,12.5,31.51,synthetic_demo,S08,rg-synth-v1.0.2
RTN-S08-004,45.22,24.0,49.78,synthetic_demo,S08,rg-synth-v1.0.2
RTN-S09-001,92.72,24.0,105.99,synthetic_demo,S09,rg-synth-v1.0.2
RTN-S09-002,82.24,12.5,35.42,synthetic_demo,S09,rg-synth-v1.0.2
RTN-S09-003,48.09,12.5,15.06,synthetic_demo,S09,rg-synth-v1.0.2
RTN-S09-004,57.23,12.5,34.28,synthetic_demo,S09,rg-synth-v1.0.2
RTN-S10-001,47.21,0.0,8.66,synthetic_demo,S10,rg-synth-v1.0.2
RTN-S10-002,69.77,0.0,8.14,synthetic_demo,S10,rg-synth-v1.0.2
RTN-S10-003,94.59,0.0,4.84,synthetic_demo,S10,rg-synth-v1.0.2
RTN-S10-004,108.54,0.0,22.14,synthetic_demo,S10,rg-synth-v1.0.2
RTN-S10-005,58.57,0.0,62.89,synthetic_demo,S10,rg-synth-v1.0.2
RTN-S11-001,53.06,0.0,3.23,synthetic_demo,S11,rg-synth-v1.0.2
RTN-S11-002,113.32,0.0,5.85,synthetic_demo,S11,rg-synth-v1.0.2
RTN-S11-003,89.73,0.0,14.27,synthetic_demo,S11,rg-synth-v1.0.2
RTN-S11-004,39.53,0.0,1.87,synthetic_demo,S11,rg-synth-v1.0.2
RTN-S11-005,78.01,0.0,4.05,synthetic_demo,S11,rg-synth-v1.0.2
RTN-S12-002,61.11,12.5,12.94,synthetic_demo,S12,rg-synth-v1.0.2
RTN-S12-003,50.92,24.0,57.29,synthetic_demo,S12,rg-synth-v1.0.2
RTN-S12-004,62.24,12.5,3.03,synthetic_demo,S12,rg-synth-v1.0.2
RTN-S13-001,53.34,0.0,3.17,synthetic_demo,S13,rg-synth-v1.0.2
RTN-S13-002,57.45,0.0,19.65,synthetic_demo,S13,rg-synth-v1.0.2
RTN-S13-003,99.63,0.0,3.14,synthetic_demo,S13,rg-synth-v1.0.2
RTN-S13-004,90.43,0.0,47.53,synthetic_demo,S13,rg-synth-v1.0.2
RTN-S14-001,99.55,0.0,3.72,synthetic_demo,S14,rg-synth-v1.0.2
RTN-S14-002,37.69,0.0,1.38,synthetic_demo,S14,rg-synth-v1.0.2
RTN-S14-003,50.3,0.0,9.18,synthetic_demo,S14,rg-synth-v1.0.2
RTN-S14-004,53.94,0.0,12.55,synthetic_demo,S14,rg-synth-v1.0.2
RTN-M01-001,53.7,0.0,3.0,synthetic_demo,M01,rg-synth-v2.0.0
RTN-M01-002,85.25,0.0,17.05,synthetic_demo,M01,rg-synth-v2.0.0
RTN-M02-001,68.03,24.0,49.81,synthetic_demo,M02,rg-synth-v2.0.0
RTN-M02-002,38.91,12.5,8.25,synthetic_demo,M02,rg-synth-v2.0.0
RTN-M03-001,75.65,12.5,3.1,synthetic_demo,M03,rg-synth-v2.0.0
RTN-M03-002,76.94,12.5,8.97,synthetic_demo,M03,rg-synth-v2.0.0
RTN-M04-001,101.33,12.5,19.23,synthetic_demo,M04,rg-synth-v2.0.0
RTN-M04-002,83.72,12.5,0.58,synthetic_demo,M04,rg-synth-v2.0.0
RTN-M05-001,62.28,0.0,95.95,synthetic_demo,M05,rg-synth-v2.0.0
RTN-M05-002,50.0,0.0,75.02,synthetic_demo,M05,rg-synth-v2.0.0
RTN-M06-001,107.51,12.5,31.17,synthetic_demo,M06,rg-synth-v2.0.0
RTN-M06-002,98.94,12.5,4.63,synthetic_demo,M06,rg-synth-v2.0.0
RTN-M07-001,100.16,24.0,101.36,synthetic_demo,M07,rg-synth-v2.0.0
RTN-M07-002,37.23,24.0,80.9,synthetic_demo,M07,rg-synth-v2.0.0
RTN-M08-001,70.91,24.0,93.84,synthetic_demo,M08,rg-synth-v2.0.0
RTN-M08-002,67.96,24.0,88.94,synthetic_demo,M08,rg-synth-v2.0.0
RTN-S12V2-001,41.13,12.5,22.47,synthetic_demo,S12V2,rg-synth-v2.0.0
RTN-S12V2-002,35.24,12.5,30.0,synthetic_demo,S12V2,rg-synth-v2.0.0
